{
  "project_info": {
    "project_number": "661506955660",
    "firebase_url": "https://gomarketdemo.firebaseio.com",
    "project_id": "gomarketdemo",
    "storage_bucket": "gomarketdemo.appspot.com"
  },
  "client": [
    {
      "client_info": {
        "mobilesdk_app_id": "1:661506955660:android:e476e94925c0e6a8115ea9",
        "android_client_info": {
          "package_name": "com.gomarketdemo.user"
        }
      },
      "oauth_client": [
        {
          "client_id": "661506955660-rti12prtedtdgcl1ec7oa7b225qks3gm.apps.googleusercontent.com",
          "client_type": 1,
          "android_info": {
            "package_name": "com.gomarketdemo.user",
            "certificate_hash": "3c3c392d688e7244d78fc664e1db8dfc43c6ade0"
          }
        },
        {
          "client_id": "661506955660-3pa589nc9rfa2v1jle82pgg04efdgq7l.apps.googleusercontent.com",
          "client_type": 3
        }
      ],
      "api_key": [
        {
          "current_key": "AIzaSyB2kvOckQn8vJlqi8PPnbOzK5dCf-xg3eQ"
        }
      ],
      "services": {
        "appinvite_service": {
          "other_platform_oauth_client": [
            {
              "client_id": "661506955660-3pa589nc9rfa2v1jle82pgg04efdgq7l.apps.googleusercontent.com",
              "client_type": 3
            }
          ]
        }
      }
    }
  ],
  "configuration_version": "1"
}